{"d":125.448033,"p":[{"i":11913666847,"lt":45.62648920,"ln":25.47296240,"s":true},{"i":344137572,"lt":45.62633570,"ln":25.47332750},{"i":11201737712,"lt":45.62620740,"ln":25.47321470},{"i":9182766567,"lt":45.62562960,"ln":25.47270640,"s":true}]}