{"d":90.517651,"p":[{"i":11016370558,"lt":45.62690630,"ln":25.47196430,"s":true},{"i":1915992125,"lt":45.62676970,"ln":25.47229490},{"i":1915992145,"lt":45.62661280,"ln":25.47266840},{"i":11913666847,"lt":45.62648920,"ln":25.47296240,"s":true}]}