{"d":234.867122,"p":[{"i":12010293523,"lt":45.65765540,"ln":25.58426390,"s":true},{"i":10584012383,"lt":45.65940520,"ln":25.58306170},{"i":293743237,"lt":45.65947680,"ln":25.58301270},{"i":12010293525,"lt":45.65955750,"ln":25.58295770,"s":true}]}