{"d":311.343913,"p":[{"i":3653789549,"lt":45.65804800,"ln":25.61287840,"s":true},{"i":2298061159,"lt":45.65673980,"ln":25.61263940},{"i":2912345748,"lt":45.65660430,"ln":25.61261400},{"i":3653789548,"lt":45.65527490,"ln":25.61235820,"s":true}]}