{"d":388.869768,"p":[{"i":9273733553,"lt":45.64787310,"ln":25.55633210,"s":true},{"i":5372688344,"lt":45.64553300,"ln":25.55291570},{"i":3709521424,"lt":45.64552690,"ln":25.55270190,"s":true}]}