{"d":394.835293,"p":[{"i":9170035651,"lt":45.69793220,"ln":25.55848240,"s":true},{"i":9835731150,"lt":45.69638940,"ln":25.55981090},{"i":3713233452,"lt":45.69497750,"ln":25.56101480},{"i":9274225294,"lt":45.69488880,"ln":25.56109030,"s":true}]}