{"d":8.557671,"p":[{"i":3512319570,"lt":45.57163420,"ln":25.35357960,"s":true},{"i":11030879660,"lt":45.57165990,"ln":25.35347610,"s":true}]}