{"d":13.818808,"p":[{"i":2304013632,"lt":45.67529260,"ln":25.64863820,"s":true},{"i":9781395826,"lt":45.67536670,"ln":25.64874190},{"i":9164528579,"lt":45.67538010,"ln":25.64876410,"s":true}]}