{"d":66.216286,"p":[{"i":9183297493,"lt":45.58637440,"ln":25.45256140,"s":true},{"i":9183297496,"lt":45.58584690,"ln":25.45216860,"s":true}]}