{"d":724.027516,"p":[{"i":9197991346,"lt":45.69114610,"ln":25.62035210,"s":true},{"i":9451940229,"lt":45.69353610,"ln":25.61784460},{"i":9181071387,"lt":45.69610910,"ln":25.61520060},{"i":9198172119,"lt":45.69641620,"ln":25.61489550,"s":true}]}