{"d":405.344765,"p":[{"i":9451940228,"lt":45.69649880,"ln":25.61481400,"s":true},{"i":9198172119,"lt":45.69641620,"ln":25.61489550},{"i":9181071387,"lt":45.69610910,"ln":25.61520060},{"i":9451940229,"lt":45.69353610,"ln":25.61784460,"s":true}]}