{"d":395.259952,"p":[{"i":9200790473,"lt":45.76375640,"ln":25.62813410,"s":true},{"i":9200790469,"lt":45.76439220,"ln":25.63249420},{"i":9855579454,"lt":45.76442580,"ln":25.63272030},{"i":9711348395,"lt":45.76447930,"ln":25.63311720,"s":true}]}