{"d":24.211668,"p":[{"i":380460830,"lt":45.71399300,"ln":25.68443770},{"i":11159652425,"lt":45.71406830,"ln":25.68444110,"s":true}]}