{"d":60.123204,"p":[{"i":9711415085,"lt":45.64578770,"ln":25.76069900,"s":true},{"i":9853163056,"lt":45.64557360,"ln":25.76039700},{"i":9853163054,"lt":45.64547440,"ln":25.76027890},{"i":2203047483,"lt":45.64537550,"ln":25.76020890,"s":true}]}