{"d":41.736165,"p":[{"i":9215921894,"lt":45.66081290,"ln":25.76515190,"s":true},{"i":10032211315,"lt":45.66096110,"ln":25.76527740},{"i":9215921892,"lt":45.66113560,"ln":25.76542500,"s":true}]}